{
    "r2": 0.7156792285304796,
    "mae": 0.10006340001460638,
    "rmse": 0.1262415971567828
}
